valid_name,rivers
acestrorhynchus lacustris,"ivai,tibagi,piquiri"
acrolebias carvalhoi,iguacu
ageneiosus inermis,piquiri
ageneiosus militaris,"tibagi,piquiri"
ageneiosus ucayalensis,piquiri
ancistrus abilhoai,iguacu
ancistrus agostinhoi,iguacu
ancistrus mullerae,iguacu
apareiodon affinis,"ivai,tibagi,piquiri"
apareiodon ibitiensis,tibagi
apareiodon piracicabae,"ivai,tibagi,piquiri"
apareiodon vittatus,iguacu
apareiodon vladii,"ivai,piquiri"
aphyocharax anisitsi,tibagi
apteronotus caudimaculosus,ivai
apteronotus ellisi,"iguacu,piquiri,tibagi,ivai"
astyanax altiparanae,"iguacu,tibagi"
astyanax eremus,iguacu
astyanax jordanensis,iguacu
astyanax lacustris,"iguacu,ivai,tibagi,piquiri"
astyanax totae,iguacu
auchenipterus osteomystax,piquiri
australoheros angiru,iguacu
australoheros kaaygua,iguacu
bario forestii,piquiri
bario sanctaefilomenae,piquiri
brevidens striatus,"tibagi,piquiri"
brycon hilarii,iguacu
brycon nattereri,"ivai,tibagi"
brycon orbignyanus,"iguacu,piquiri"
bryconamericus coeruleus,tibagi
bryconamericus exodon,piquiri
bryconamericus iheringii,tibagi
bryconamericus ikaa,iguacu
bryconamericus pyahu,iguacu
bryconamericus turiuba,ivai
bunocephalus larai,tibagi
callichthys callichthys,"iguacu,ivai,piquiri,tibagi"
cambeva castroi,"iguacu,tibagi"
cambeva crassicaudata,iguacu
cambeva davisi,"ivai,tibagi,iguacu"
cambeva diabola,"ivai,tibagi"
cambeva igobi,iguacu
cambeva mboycy,iguacu
cambeva naipi,iguacu
cambeva papillifera,iguacu
cambeva plumbea,iguacu
cambeva stawiarski,iguacu
cambeva taroba,iguacu
cetopsis gobioides,"ivai,piquiri,tibagi"
cetopsorhamdia iheringi,"ivai,tibagi,piquiri"
characidium gomesi,"ivai,tibagi,piquiri"
characidium heirmostigmata,ivai
characidium schubarti,tibagi
characidium travassosi,iguacu
characidium zebra,tibagi
charax stenopterus,iguacu
cheirodon stenodon,tibagi
cichla kelberi,"tibagi,iguacu"
cichla piquiti,piquiri
cichlasoma paranaense,"ivai,tibagi,iguacu,piquiri"
clarias gariepinus,"tibagi,iguacu"
cnesterodon carnegiei,iguacu
cnesterodon hypselurus,tibagi
cnesterodon omorgmatos,iguacu
coptodon rendalli,"iguacu,tibagi,iguacu,ivai,tibagi"
crenicichla haroldoi,tibagi
crenicichla iguassuensis,iguacu
crenicichla jaguarensis,"ivai,tibagi,piquiri"
crenicichla jupiaensis,piquiri
crenicichla tapii,iguacu
crenicichla tesay,iguacu
crenicichla tuca,iguacu
crenicichla yaha,iguacu
ctenobrycon kennedyi,piquiri
ctenopharyngodon idella,iguacu
curculionichthys insperatus,ivai
curculionichthys oliveirai,ivai
cyphocharax modestus,"ivai,tibagi,piquiri"
cyphocharax naegelii,"ivai,piquiri,tibagi"
cyprinus carpio,"iguacu,ivai,piquiri"
diapoma alburnus,iguacu
diapoma guarani,ivai
eigenmannia trilineata,piquiri
eigenmannia virescens,"tibagi,piquiri"
erythrinus erythrinus,ivai
farlowella amazonum,ivai
farlowella hahni,piquiri
galeocharax gulo,",tibagi,piquiri"
garcialebias araucarianus,iguacu
geophagus brasiliensis,"ivai,tibagi"
geophagus iporangensis,iguacu
glandulocauda caerulea,iguacu
glanidium cesarpintoi,piquiri
glanidium ribeiroi,iguacu
gymnogeophagus taroba,iguacu
gymnotus carapo,"tibagi,tibagi"
gymnotus inaequilabiatus,"iguacu,ivai,piquiri"
gymnotus omarorum,tibagi
gymnotus pantanal,"tibagi,piquiri"
gymnotus sylvius,"iguacu,ivai,tibagi,piquiri"
hasemania maxillaris,iguacu
hasemania melanura,iguacu
hemiodus orthonops,"ivai,piquiri"
hemisorubim platyrhynchos,piquiri
heptapterus hollandi,iguacu
heptapterus longicauda,"ivai,tibagi,piquiri"
heptapterus mustelinus,"ivai,piquiri"
heptapterus stewarti,iguacu
hisonotus francirochai,"ivai,tibagi"
hisonotus pachysarkos,ivai
hisonotus paulinus,tibagi
hisonotus yasi,iguacu
hoplerythrinus unitaeniatus,ivai
hoplias intermedius,"iguacu,ivai,piquiri"
hoplias malabaricus,tibagi
hoplias mbigua,piquiri
hoplias misionera,iguacu
hoplisoma carlae,iguacu
hoplisoma ehrhardti,"iguacu,ivai,tibagi"
hoplisoma lacrimostigmata,ivai
hoplisoma longipinne,tibagi
hoplisoma paleatum,"iguacu,tibagi"
hoplosternum littorale,"iguacu,tibagi,piquiri"
hyphessobrycon bifasciatus,iguacu
hyphessobrycon boulengeri,tibagi
hyphessobrycon griemi,iguacu
hyphessobrycon reticulatus,iguacu
hyphessobrycon taurocephalus,iguacu
hypophthalmichthys molitrix,iguacu
hypophthalmichthys nobilis,iguacu
hypophthalmus oremaculatus,piquiri
hypostomus agna,iguacu
hypostomus albopunctatus,"iguacu,ivai,piquiri"
hypostomus ancistroides,"ivai,tibagi,piquiri"
hypostomus cochliodon,piquiri
hypostomus commersoni,"iguacu,ivai,piquiri"
hypostomus derbyi,iguacu
hypostomus hermanni,"ivai,piquiri"
hypostomus iheringii,"ivai,piquiri"
hypostomus margaritifer,"ivai,piquiri"
hypostomus myersi,iguacu
hypostomus nigromaculatus,tibagi
hypostomus nigropunctatus,iguacu
hypostomus regani,"ivai,piquiri"
hypostomus strigaticeps,"ivai,tibagi,piquiri"
ictalurus punctatus,"iguacu,ivai"
iheringichthys labrosus,"ivai,tibagi,piquiri"
imparfinis mirini,"ivai,tibagi,piquiri"
imparfinis schubarti,"ivai,tibagi,piquiri"
isbrueckerichthys calvus,tibagi
jenynsia diphyes,iguacu
jenynsia eigenmanni,iguacu
leporellus vittatus,"tibagi,piquiri"
leporinus amae,iguacu
leporinus amblyrhynchus,"ivai,tibagi,piquiri"
leporinus friderici,"iguacu,ivai,tibagi,piquiri"
leporinus lacustris,piquiri
leporinus octofasciatus,"iguacu,ivai,piquiri,tibagi"
loricariichthys platymetopon,"tibagi,piquiri"
loricariichthys rostratus,piquiri
megalamphodus eques,tibagi
megalancistrus parananus,"tibagi,ivai,piquiri"
megaleporinus elongatus,"iguacu,tibagi"
megaleporinus macrocephalus,"tibagi,iguacu,piquiri"
megaleporinus obtusidens,"tibagi,iguacu,piquiri"
megaleporinus piavussu,"iguacu,piquiri"
megalonema platanum,"tibagi,piquiri"
metynnis maculatus,tibagi
micropterus salmoides,"ivai,iguacu"
mimagoniates microlepis,"iguacu,tibagi"
misgurnus anguillicaudatus,iguacu
moenkhausia gracilima,piquiri
moenkhausia intermedia,tibagi
myloplus tiete,"tibagi,piquiri"
neoplecostomus paranensis,tibagi
neoplecostomus selenae,tibagi
neoplecostomus yapo,tibagi
odontesthes bonariensis,iguacu
oligosarcus longirostris,iguacu
oligosarcus paranensis,"ivai,tibagi,piquiri"
oligosarcus pintoi,"ivai,piquiri"
oreochromis niloticus,"ivai,tibagi,iguacu,piquiri"
ossancora eigenmanni,piquiri
osteogaster aenea,"tibagi,piquiri"
otothyropsis biamnicus,"tibagi,iguacu"
paravandellia oxyptera,tibagi
pareiorhaphis parmula,iguacu
parodon nasus,"tibagi,ivai,piquiri"
phalloceros caudimaculatus,tibagi
phalloceros harpagos,"ivai,piquiri,tibagi,iguacu"
phalloceros spiloura,iguacu
phenacorhamdia tenebrosa,"ivai,tibagi,piquiri"
piabarchus stramineus,"tibagi,tibagi,piquiri"
piabina argentea,"ivai,piquiri,tibagi"
piaractus mesopotamicus,"iguacu,piquiri"
pimelodella avanhandavae,"ivai,piquiri"
pimelodella gracilis,"ivai,tibagi,piquiri"
pimelodella taenioptera,piquiri
pimelodus britskii,iguacu
pimelodus maculatus,tibagi
pimelodus microstoma,"tibagi,ivai,tibagi,piquiri"
pimelodus mysteriosus,piquiri
pimelodus ornatus,"ivai,piquiri"
pimelodus ortmanni,iguacu
pimelodus paranaensis,"ivai,tibagi,piquiri"
pinirampus pirinampu,"tibagi,piquiri"
plagioscion squamosissimus,"ivai,tibagi,piquiri"
poecilia reticulata,"iguacu,ivai,piquiri,tibagi"
potamotrygon amandae,piquiri
potamotrygon falkneri,"ivai,piquiri"
prochilodus lineatus,"iguacu,ivai,tibagi"
proloricaria prolixa,"ivai,tibagi"
psalidodon anisitsi,tibagi
psalidodon bockmanni,"ivai,tibagi,piquiri"
psalidodon dissimilis,iguacu
psalidodon fasciatus,tibagi
psalidodon gymnodontus,"iguacu,iguacu"
psalidodon gymnogenys,"iguacu,iguacu"
psalidodon minor,iguacu
psalidodon paranae,tibagi
psalidodon schubarti,piquiri
psalidodon serratus,iguacu
psalidodon varzeae,iguacu
psalidon bifasciatus,iguacu
pseudopimelodus mangurus,"tibagi,piquiri"
pseudoplatystoma corruscans,"iguacu,ivai,tibagi,piquiri"
pseudoplatystoma reticulatum,iguacu
pterodoras granulosus,piquiri
pterygoplichthys ambrosettii,"piquiri,tibagi"
pyrrhulina australis,tibagi
rhamdia branneri,iguacu
rhamdia quelen,"ivai,tibagi,piquiri"
rhamdia voulezi,iguacu
rhamdiopsis moreirai,"iguacu,tibagi"
rhamphichthys hahni,piquiri
rhaphiodon vulpinus,piquiri
rhinelepis aspera,"tibagi,piquiri"
rhinodoras dorbignyi,"piquiri,tibagi"
rhyacoglanis pulcher,piquiri
rineloricaria langei,iguacu
rineloricaria latirostris,tibagi
rineloricaria maacki,iguacu
rineloricaria pentamaculata,"ivai,tibagi"
roeboides descalvadensis,"iguacu,ivai,piquiri"
salminus brasiliensis,"tibagi,iguacu,ivai,piquiri"
salminus hilarii,"tibagi,piquiri"
saxatilia britskii,"ivai,piquiri,tibagi"
schizodon altoparanae,"tibagi,piquiri"
schizodon borellii,"iguacu,piquiri"
schizodon intermedius,tibagi
schizodon nasutus,"ivai,tibagi,piquiri"
serrapinnus notomelas,"ivai,tibagi,piquiri"
serrasalmus maculatus,"ivai,tibagi,piquiri,tibagi"
serrasalmus marginatus,piquiri
serrasalmus spilopleura,tibagi
sorubim lima,piquiri
steindachneridion melanodermatum,iguacu
steindachneridion scriptum,"tibagi,iguacu,ivai,piquiri"
steindachnerina brevipinna,"ivai,iguacu"
steindachnerina insculpta,"ivai,tibagi,piquiri"
sternarchorhynchus britski,tibagi
sternopygus macrurus,"tibagi,piquiri"
synbranchus marmoratus,"iguacu,ivai,tibagi,piquiri"
tatia jaracatia,iguacu
tatia neivai,"ivai,tibagi,piquiri"
trachelyopterus galeatus,"ivai,piquiri"
trachydoras paraguayensis,"ivai,piquiri"
trichomycterus candidus,tibagi
triportheus angulatus,tibagi
triportheus nematurus,tibagi
xiphophorus hellerii,"tibagi,iguacu"
zungaro jahu,piquiri